1,Chinese Kitchen,"1003 W. Ogden Avenue, Suite B, Naperville 60563",41.7848777778,-88.1680916667,2,16747211,https://www.zomato.com/chicago/chinese-kitchen-naperville?utm_source=api_basic_user&utm_medium=api&utm_campaign=v2.1,"",4.3,201,
4,Chinese Yum Yum,"809 W. Jackson Boulevard, Chicago 60607",41.8779320000,-87.6476819000,2,16753226,https://www.zomato.com/chicago/chinese-yum-yum-greektown?utm_source=api_basic_user&utm_medium=api&utm_campaign=v2.1,"",3.6,48,
5,Chinese Munch In,"Premiere On Golf, 1091 E. Golf Road, Arlington Hts, Chicago 60005",42.0497277778,-87.9696722222,2,16740302,https://www.zomato.com/chicago/chinese-munch-in-arlington-heights?utm_source=api_basic_user&utm_medium=api&utm_campaign=v2.1,"",3.2,22,
6,Chinese See Thru Kitchen,112 Broadview Village Square 60155,41.8504000000,-87.8483000000,2,16741591,https://www.zomato.com/chicago/chinese-see-thru-kitchen-broadview?utm_source=api_basic_user&utm_medium=api&utm_campaign=v2.1,"",3.1,17,
8,Chinese Kitchen,"420 W 31st Street, Chicago 60616",41.8383990000,-87.6374000000,2,16733295,https://www.zomato.com/chicago/chinese-kitchen-bridgeport?utm_source=api_basic_user&utm_medium=api&utm_campaign=v2.1,"",3.2,23,
10,Chinese Kitchen,"6551 S. Cass Avenue, Suite M 60559",41.7685472222,-87.9736861111,4,16751170,https://www.zomato.com/chicago/chinese-kitchen-westmont?utm_source=api_basic_user&utm_medium=api&utm_campaign=v2.1,"",3.1,14,
13,Mexican Grille,"1550 N. State Route 59, Suite 156, Naperville 60563",41.7949000000,-88.2060000000,2,16747330,https://www.zomato.com/chicago/mexican-grille-naperville?utm_source=api_basic_user&utm_medium=api&utm_campaign=v2.1,"",2.3,5,
16,Bucho's Mexican Restaurant,"235 S Bolingbrook Drive, Bolingbrook 60440",41.6944000000,-88.0683000000,2,16741434,https://www.zomato.com/chicago/buchos-mexican-restaurant-bolingbrook?utm_source=api_basic_user&utm_medium=api&utm_campaign=v2.1,"",4.1,154,
18,Chipotle Mexican Grill,291 E. Ontario Street 60611,41.8935916667,-87.6207194444,2,16733316,https://www.zomato.com/chicago/chipotle-mexican-grill-streeterville?utm_source=api_basic_user&utm_medium=api&utm_campaign=v2.1,https://b.zmtcdn.com/data/res_imagery/16733306_CHAIN_c6fcebf7748028611599c6c02bf4f842_c.jpg,3.6,55,
3,Chinese Kitchen,"5316 N Milwaukee Avenue, Chicago 60630",41.9771638889,-87.7695694444,2,16733296,https://www.zomato.com/chicago/chinese-kitchen-jefferson-park?utm_source=api_basic_user&utm_medium=api&utm_campaign=v2.1,"",3.3,37,
7,Chinese Kitchen,"3926 N. 25th Avenue, Schiller Park, Chicago 60176",41.9492694444,-87.8704305556,1,16749831,https://www.zomato.com/chicago/chinese-kitchen-schiller-park?utm_source=api_basic_user&utm_medium=api&utm_campaign=v2.1,"",2.7,9,
11,The Mexican,"1969 N. Halsted Street, Chicago, IL 60614",41.9179180000,-87.6481700000,2,18081099,https://www.zomato.com/chicago/the-mexican-lincoln-park?utm_source=api_basic_user&utm_medium=api&utm_campaign=v2.1,https://b.zmtcdn.com/data/res_imagery/18081099_RESTAURANT_266cffa7223b08f1d93eaffb121197c9.jpg,0,2,
14,That Little Mexican Cafe,1010 Church Street 60201,42.0485166667,-87.6857750000,3,16738996,https://www.zomato.com/chicago/that-little-mexican-cafe-evanston?utm_source=api_basic_user&utm_medium=api&utm_campaign=v2.1,"",4.1,266,
17,That Little Mexican Cafe,"1055 W. Bryn Mawr Avenue, Chicago 60660",41.9835630000,-87.6570570000,2,16738997,https://www.zomato.com/chicago/that-little-mexican-cafe-edgewater?utm_source=api_basic_user&utm_medium=api&utm_campaign=v2.1,"",3.9,162,
74,Thai Bowl,"1049 W. Taylor Street, Chicago 60607",41.8693861111,-87.6531222222,2,16738968,https://www.zomato.com/chicago/thai-bowl-university-village?utm_source=api_basic_user&utm_medium=api&utm_campaign=v2.1,https://b.zmtcdn.com/data/res_imagery/16738968_RESTAURANT_1f571eeee38f6be5a5d7dd6b7e14b869.jpg,3.8,109,
78,Thai Garden,225 W Golf Road 60195,42.0479361111,-88.0849388889,2,16749800,https://www.zomato.com/chicago/thai-garden-schaumburg?utm_source=api_basic_user&utm_medium=api&utm_campaign=v2.1,"",3.8,108,
81,Korean Noodle Restaurant,"3236 W. Bryn Mawr Avenue, Chicago 60659",41.9830472222,-87.7103722222,2,16735560,https://www.zomato.com/chicago/korean-noodle-restaurant-north-park?utm_source=api_basic_user&utm_medium=api&utm_campaign=v2.1,"",2.8,6,
85,Lai Lai & Korean Express,330 S. Wells Street 60606,41.8776790000,-87.6339830000,2,16735748,https://www.zomato.com/chicago/lai-lai-korean-express-loop?utm_source=api_basic_user&utm_medium=api&utm_campaign=v2.1,"",3.2,31,
90,Dae Jang Kum Korean Restaurant,"1747 W. Golf Road, Mount Prospect 60056",42.0484000000,-87.9621000000,4,16746963,https://www.zomato.com/chicago/dae-jang-kum-korean-restaurant-mount-prospect?utm_source=api_basic_user&utm_medium=api&utm_campaign=v2.1,"",3.2,16,
19,Las Palmas Mexican Restaurant,1835 W. North Avenue 60622,41.9102660000,-87.6739350000,2,16735797,https://www.zomato.com/chicago/las-palmas-wicker-park?utm_source=api_basic_user&utm_medium=api&utm_campaign=v2.1,"",3.8,134,
75,Thai Noodles Cafe,"318 S. Milwaukee Avenue, Libertyville 60048",42.2806000000,-87.9527000000,2,16746014,https://www.zomato.com/chicago/thai-noodles-cafe-libertyville?utm_source=api_basic_user&utm_medium=api&utm_campaign=v2.1,https://b.zmtcdn.com/data/res_imagery/16746014_RESTAURANT_0fcf8731dd92d1f7af4cdf40eee5efb1_c.jpg,4.0,119,
80,Thai Gourmet,"226 Peterson Road, Libertyville 60048",42.3061130000,-87.9638770000,2,16752551,https://www.zomato.com/chicago/thai-gourmet-libertyville?utm_source=api_basic_user&utm_medium=api&utm_campaign=v2.1,"",3.9,93,
20,Maria's Mexican Restaurant,"9440 Foster Avenue, Chicago 60656",41.9735055556,-87.8638611111,3,16754172,https://www.zomato.com/chicago/marias-mexican-restaurant-ohare?utm_source=api_basic_user&utm_medium=api&utm_campaign=v2.1,"",3.4,57,
82,Korean BBQ House,"3315 W. Bryn Mawr Avenue, Chicago 60659",41.9830290000,-87.7119680000,2,16735055,https://www.zomato.com/chicago/korean-bbq-house-north-park?utm_source=api_basic_user&utm_medium=api&utm_campaign=v2.1,https://b.zmtcdn.com/data/res_imagery/16735055_RESTAURANT_3b49a0dba9155e48eda1a5e1de05be62_c.jpg,0,1,
86,J korean Restaurant,"1271 E Ogden Avenue, Unit 119 60563",41.7981250000,-88.1234666667,2,16747213,https://www.zomato.com/chicago/j-korean-restaurant-naperville?utm_source=api_basic_user&utm_medium=api&utm_campaign=v2.1,"",3.3,34,
24,Italian Village,"Italian Village, 71 W Monroe Street, Chicago 60603",41.8824361111,-87.6305611111,4,16739882,https://www.zomato.com/chicago/italian-village-loop?utm_source=api_basic_user&utm_medium=api&utm_campaign=v2.1,https://b.zmtcdn.com/data/res_imagery/16739882_RESTAURANT_0efc7c778d96347e72e1b4639b972998_c.jpg,3.9,454,
22,Harry Caray's Italian Steakhouse & Bar,33 W Kinzie Street 60654,41.8893361111,-87.6291111111,4,16734853,https://www.zomato.com/chicago/harry-carays-italian-steakhouse-bar-river-north?utm_source=api_basic_user&utm_medium=api&utm_campaign=v2.1,https://b.zmtcdn.com/data/res_imagery/16734853_RESTAURANT_d2421c1fd24c81e77e435a9fd93bd5d7_c.jpg,4.0,870,
27,Italian Ovens,"33157 N. US Highway 45, Grayslake 60030",42.3530000000,-88.0034000000,2,16744434,https://www.zomato.com/chicago/italian-ovens-grayslake?utm_source=api_basic_user&utm_medium=api&utm_campaign=v2.1,"",3.3,39,
28,Italian Fiesta Pizzeria,8058 S. Halsted Street 60620,41.7477750000,-87.6441410000,1,16751974,https://www.zomato.com/chicago/italian-fiesta-pizzeria-auburn-gresham?utm_source=api_basic_user&utm_medium=api&utm_campaign=v2.1,"",3.4,35,
83,Blue House Korean BBQ,"1484 Townline Road, Mundelein 60060",42.2406910000,-87.9787540000,4,16752006,https://www.zomato.com/chicago/blue-house-korean-bbq-mundelein?utm_source=api_basic_user&utm_medium=api&utm_campaign=v2.1,"",4.0,128,
88,Song do Korean B.B.Q.,"4918 N. Lincoln Avenue, Chicago 60625",41.9713666667,-87.6904138889,2,16738203,https://www.zomato.com/chicago/song-do-korean-b-b-q-lincoln-square?utm_source=api_basic_user&utm_medium=api&utm_campaign=v2.1,"",3.6,50,
21,RPM Italian,52 West Illinois Street 60654,41.8910570000,-87.6299890000,1,16754560,https://www.zomato.com/chicago/rpm-italian-river-north?utm_source=api_basic_user&utm_medium=api&utm_campaign=v2.1,https://b.zmtcdn.com/data/res_imagery/16754560_RESTAURANT_2ddcc7344e0530962674bf71ff85d0f4_c.jpg,4.1,312,
25,Italian Fiesta Pizzeria,"1919 E. 71st Street, Chicago 60649",41.7658630000,-87.5786160000,1,16735110,https://www.zomato.com/chicago/italian-fiesta-pizzeria-south-shore?utm_source=api_basic_user&utm_medium=api&utm_campaign=v2.1,"",4.2,203,
29,Italian Fiesta Pizzeria,"1400 E 47th Street, Suite F2, Chicago 60653",41.8100777778,-87.5921250000,1,16735109,https://www.zomato.com/chicago/italian-fiesta-pizzeria-kenwood?utm_source=api_basic_user&utm_medium=api&utm_campaign=v2.1,"",3.8,78,
30,Italian Fiesta Pizzeria,"15425 S. Cottage Grove Avenue, Dolton 60419",41.6147000000,-87.5975000000,1,16743006,https://www.zomato.com/chicago/italian-fiesta-pizzeria-dolton?utm_source=api_basic_user&utm_medium=api&utm_campaign=v2.1,"",3.3,26,
84,Woo Chon Korean BBQ Restaurant,"5744 N California Avenue, Chicago 60659",41.9862666667,-87.6994777778,3,16739493,https://www.zomato.com/chicago/woo-chon-korean-bbq-restaurant-west-ridge?utm_source=api_basic_user&utm_medium=api&utm_campaign=v2.1,"",3.2,16,
89,San Korean Restaurant,"1063 N. Roselle Road, Schaumburg 60169",42.0467194444,-88.0785000000,2,16745117,https://www.zomato.com/chicago/san-korean-restaurant-schaumburg?utm_source=api_basic_user&utm_medium=api&utm_campaign=v2.1,https://b.zmtcdn.com/data/res_imagery/16745117_RESTAURANT_1c72da5c643e78ee57f189764c8b24a5_c.jpg,3.2,24,
23,Italian Pizza Kitchen,11 Monaco Drive 60172,41.9834000000,-88.0897000000,2,16749413,https://www.zomato.com/chicago/italian-pizza-kitchen-roselle?utm_source=api_basic_user&utm_medium=api&utm_campaign=v2.1,https://b.zmtcdn.com/data/res_imagery/16749413_RESTAURANT_f7e3153db8e612581c41e6cc3c17a0b4_c.jpg,3.5,42,
26,Italian Kitchen Restaurant,648 Deerfield Road 60015,42.1674180000,-87.8441550000,3,16742764,https://www.zomato.com/chicago/italian-kitchen-restaurant-northbrook?utm_source=api_basic_user&utm_medium=api&utm_campaign=v2.1,"",3.7,106,
87,Tozi Korean BBQ Restaurant,"1265 N Milwaukee Avenue, Chicago 60622",41.9048000000,-87.6685970000,3,16754348,https://www.zomato.com/chicago/tozi-korean-bbq-restaurant-bucktown?utm_source=api_basic_user&utm_medium=api&utm_campaign=v2.1,https://b.zmtcdn.com/data/res_imagery/16754348_CHAIN_bc7e0814c600b4982840d81dd22c2db8.jpg,3.3,41,
31,Indian Swaad,"500 W. Madison Street, 1st Floor 60661",41.8829500000,-87.6401820000,2,16757638,https://www.zomato.com/chicago/indian-swaad-west-loop?utm_source=api_basic_user&utm_medium=api&utm_campaign=v2.1,"",0,2,
33,Gaylord Fine Indian Cuisine,"Walton Colonnade, 100 E Walton Street 60611",41.9000333333,-87.6252277778,3,16734491,https://www.zomato.com/chicago/gaylord-fine-indian-cuisine-gold-coast?utm_source=api_basic_user&utm_medium=api&utm_campaign=v2.1,https://b.zmtcdn.com/data/res_imagery/16734491_CHAIN_83509b75685416cc37559a8199757663_c.jpg,3.8,141,
37,Kama Indian Bistro,"9 S La Grange Road, La Grange 60525",41.8155833333,-87.8696222222,3,16752895,https://www.zomato.com/chicago/kama-indian-bistro-la-grange?utm_source=api_basic_user&utm_medium=api&utm_campaign=v2.1,https://b.zmtcdn.com/data/res_imagery/16752895_RESTAURANT_0c9a37c17e15aee90133631d445aacae_c.jpg,3.9,85,
39,Aroma Indian Cuisine,"270 Hawthorne Village Common, Vernon Hills 60061",42.2415320000,-87.9567970000,2,16752774,https://www.zomato.com/chicago/aroma-indian-cuisine-vernon-hills?utm_source=api_basic_user&utm_medium=api&utm_campaign=v2.1,"",3.6,88,
91,The Berghoff,"17 W Adams Street, Chicago 60603",41.8797861111,-87.6288444444,3,16732366,https://www.zomato.com/chicago/the-berghoff-loop?utm_source=api_basic_user&utm_medium=api&utm_campaign=v2.1,https://b.zmtcdn.com/data/res_imagery/16732366_RESTAURANT_491de97cab2d1e42b7be33e330645fdd_c.JPG?output-format=webp,4.1,421,
95,Soul Vegetarian,"205 E. 75th Street, Chicago 60619",41.7581780000,-87.6196380000,2,16738222,https://www.zomato.com/chicago/soul-vegetarian-east-greater-grand-crossing?utm_source=api_basic_user&utm_medium=api&utm_campaign=v2.1,"",3.7,83,
100,Maoz Vegetarian,"Fashion Outlets Of Chicago, 5220 Fashion Outlets Way, Rosemont, Chicago 60018",41.9752319000,-87.8664756000,2,16756060,https://www.zomato.com/chicago/maoz-vegetarian-rosemont?utm_source=api_basic_user&utm_medium=api&utm_campaign=v2.1,"",3.1,16,
32,Indian Harvest,"796 Royal St. George Drive, Suite 101 60563",41.7843472222,-88.1640694444,3,16751690,https://www.zomato.com/chicago/indian-harvest-naperville?utm_source=api_basic_user&utm_medium=api&utm_campaign=v2.1,"",3.8,114,
40,Shree Indian Vegetarian Restaurant,"655 N Cass Avenue, Westmont 60559",41.8121000000,-87.9758000000,2,16751222,https://www.zomato.com/chicago/shree-indian-vegetarian-restaurant-westmont?utm_source=api_basic_user&utm_medium=api&utm_campaign=v2.1,"",3.3,38,
92,Sweetwater Tavern and Grille,"Michigan Plaza, 225 N Michigan Avenue, Chicago 60601",41.8864111111,-87.6243361111,3,16752567,https://www.zomato.com/chicago/sweetwater-tavern-and-grille-loop?utm_source=api_basic_user&utm_medium=api&utm_campaign=v2.1,https://b.zmtcdn.com/data/res_imagery/16752567_RESTAURANT_da99558bfc8b6e4c7a001664f57d2f05_c.jpg,4.1,272,
94,Vegetarian Fast Food,"185 E. Army Trail Road, Glendale Heights 60139",41.9373961000,-88.0837597000,2,17762907,https://www.zomato.com/chicago/vegetarian-fast-food-glendale-heights?utm_source=api_basic_user&utm_medium=api&utm_campaign=v2.1,"",0,0,
102,Lou Malnati's Pizzeria,439 N Wells Street 60654,41.8903810000,-87.6340240000,2,16736014,https://www.zomato.com/chicago/lou-malnatis-pizzeria-river-north?utm_source=api_basic_user&utm_medium=api&utm_campaign=v2.1,https://b.zmtcdn.com/data/res_imagery/16736012_CHAIN_6f3a18b2afb334b4d35deb987e2da183_c.jpg,4.6,1193,
34,Indian Bistro,"735 E. Dundee Road, Palatine 60074",42.1394000000,-88.0248333333,2,16752057,https://www.zomato.com/chicago/indian-bistro-palatine?utm_source=api_basic_user&utm_medium=api&utm_campaign=v2.1,"",3.5,54,
38,Masala: Indian & Fusion Cuisine,"801 E. Butterfield Road, Suite 101, Lombard 60148",41.8399541000,-87.9965450000,2,16755306,https://www.zomato.com/chicago/masala-indian-fusion-cuisine-lombard?utm_source=api_basic_user&utm_medium=api&utm_campaign=v2.1,https://b.zmtcdn.com/data/res_imagery/16755306_RESTAURANT_e40ecc3dc17544c54583df9c16980e1f_c.jpg,3.4,22,
93,CrÃªperie Saint-Germain,"1512 Sherman Avenue, Evanston 60201",42.0451750000,-87.6819611111,3,16754658,https://www.zomato.com/chicago/creperie-saint-germain-1-evanston?utm_source=api_basic_user&utm_medium=api&utm_campaign=v2.1,https://b.zmtcdn.com/data/res_imagery/16754658_CHAIN_318a3fd0763c49378025fe2d6467d8ae.JPG,3.6,41,
98,Chowpatti Vegetarian Restaurant,"Chowpatti Plaza, 1035 S. Arlington Heights Road, Arlington Heights 60005",42.0648305556,-87.9795305556,2,16740374,https://www.zomato.com/chicago/chowpatti-vegetarian-restaurant-arlington-heights?utm_source=api_basic_user&utm_medium=api&utm_campaign=v2.1,"",3.6,80,
35,Indian Garden,"2nd Floor, 247 E Ontario Street 60611",41.8932611111,-87.6207361111,3,16735072,https://www.zomato.com/chicago/indian-garden-streeterville?utm_source=api_basic_user&utm_medium=api&utm_campaign=v2.1,"",3.9,218,
36,Gaylord Fine Indian Cuisine,555 Mall Drive 60173,42.0395055556,-88.0386500000,2,16749633,https://www.zomato.com/chicago/gaylord-fine-indian-cuisine-schaumburg?utm_source=api_basic_user&utm_medium=api&utm_campaign=v2.1,"",3.5,109,
96,Vegetarian Express,4747 N. Damen Avenue 60625,41.9683220000,-87.6790280000,2,18074849,https://www.zomato.com/chicago/vegetarian-express-lincoln-square?utm_source=api_basic_user&utm_medium=api&utm_campaign=v2.1,"",0,0,
99,Original Soul Vegetarian,"203 E. 75th Street, Chicago 60619",41.7583100000,-87.6198000000,2,16757461,https://www.zomato.com/chicago/original-soul-vegetarian-greater-grand-crossing?utm_source=api_basic_user&utm_medium=api&utm_campaign=v2.1,"",0,1,
41,DMK Burger Bar,2954 N Sheffield Avenue 60657,41.9360500000,-87.6540361111,3,16752691,https://www.zomato.com/chicago/dmk-burger-bar-lakeview?utm_source=api_basic_user&utm_medium=api&utm_campaign=v2.1,https://b.zmtcdn.com/data/res_imagery/16752691_CHAIN_7e12f380b7a5168018e14f0a3b9a40c5.jpg,4.3,397,
46,The Burger Point,"1900 S State Street, Chicago 60616",41.8563040000,-87.6271620000,2,16754596,https://www.zomato.com/chicago/the-burger-point-south-loop?utm_source=api_basic_user&utm_medium=api&utm_campaign=v2.1,"",3.4,41,
97,Vegetarian Express,3109 N. Halsted Street 60657,41.9382706000,-87.6490941000,2,16754235,https://www.zomato.com/chicago/vegetarian-express-lakeview?utm_source=api_basic_user&utm_medium=api&utm_campaign=v2.1,"",3.3,22,
101,Giordano's,"730 N Rush Street, Chicago 60611",41.8958277778,-87.6253361111,2,16734562,https://www.zomato.com/chicago/giordanos-river-north?utm_source=api_basic_user&utm_medium=api&utm_campaign=v2.1,https://b.zmtcdn.com/data/res_imagery/16734548_CHAIN_38eaafad0b7fd824baa890d1861ddb5b_c.jpg,4.3,714,
42,Epic Burger,517 S State Street 60605,41.8749611111,-87.6277305556,2,16739807,https://www.zomato.com/chicago/epic-burger-south-loop?utm_source=api_basic_user&utm_medium=api&utm_campaign=v2.1,https://b.zmtcdn.com/data/res_imagery/16739807_CHAIN_539be57b0cdf7587a75ddf42c7448c08.jpg,4.1,252,
47,Edzo's Burger Shop,"1571 Sherman Avenue, Evanston 60201",42.0462888889,-87.6820305556,1,16752595,https://www.zomato.com/chicago/edzos-burger-shop-evanston?utm_source=api_basic_user&utm_medium=api&utm_campaign=v2.1,https://b.zmtcdn.com/data/res_imagery/16752595_RESTAURANT_ddcdd5daeb075c250501b4be597b14c3_c.JPG,4.4,266,
43,Burger Bar,1578 N Clybourn Avenue 60642,41.9105250000,-87.6487194444,2,16753296,https://www.zomato.com/chicago/burger-bar-lincoln-park?utm_source=api_basic_user&utm_medium=api&utm_campaign=v2.1,"",4.1,176,
48,Burger King,4 W. 63rd Street 60559,41.7740083333,-87.9749750000,1,16751165,https://www.zomato.com/chicago/burger-king-westmont?utm_source=api_basic_user&utm_medium=api&utm_campaign=v2.1,https://b.zmtcdn.com/data/res_imagery/16732680_CHAIN_5428be39363ef0ebf9c78972a6b84fff.jpg,2.9,10,
52,"Tsukasa Japanese Steak, Seafood, & Sushi","501 N Milwaukee Avenue, Vernon Hills 60061",42.2370000000,-87.9440000000,4,16750654,https://www.zomato.com/chicago/tsukasa-japanese-steak-seafood-sushi-vernon-hills?utm_source=api_basic_user&utm_medium=api&utm_campaign=v2.1,"",4.4,587,
57,Kohan Japanese Restaurant,"730 W. Maxwell Street, University Village, Chicago 60607",41.8647583333,-87.6463861111,2,16735549,https://www.zomato.com/chicago/kohan-japanese-restaurant-university-village?utm_source=api_basic_user&utm_medium=api&utm_campaign=v2.1,https://b.zmtcdn.com/data/res_imagery/16735549_RESTAURANT_550da7249a6583c2db6ef5c00620b8ec_c.jpg,3.6,74,
61,American Wildburger,1550 E. Oakton Street 60018,42.0243500000,-87.8854055556,2,16755334,https://www.zomato.com/chicago/american-wildburger-des-plaines?utm_source=api_basic_user&utm_medium=api&utm_campaign=v2.1,https://b.zmtcdn.com/data/res_imagery/16755334_RESTAURANT_2534e7d58eb8e669ae149d054aa059ac.jpg,3.5,38,
65,American Ale House,2335 W. Howard Street 60645,42.0194694444,-87.6890805556,2,18091502,https://www.zomato.com/chicago/american-ale-house-west-ridge?utm_source=api_basic_user&utm_medium=api&utm_campaign=v2.1,"",0,0,
44,Burger Antics,3740 Grand Boulevard 60513,41.8226609000,-87.8449800000,2,16757312,https://www.zomato.com/chicago/burger-antics-brookfield?utm_source=api_basic_user&utm_medium=api&utm_campaign=v2.1,"",3.0,10,
49,Burger Bar,"1150 S. Michigan Avenue, Chicago 60605",41.8678361111,-87.6238250000,2,17761774,https://www.zomato.com/chicago/burger-bar-south-loop?utm_source=api_basic_user&utm_medium=api&utm_campaign=v2.1,https://b.zmtcdn.com/data/res_imagery/17761774_RESTAURANT_f995269486ffe7959909a3c41996b579_c.jpg?output-format=webp,2.9,9,
54,Kiku Japanese Steakhouse,2764 Aurora Avenue 60540,41.7620472222,-88.1994944444,4,16751691,https://www.zomato.com/chicago/kiku-japanese-steakhouse-naperville?utm_source=api_basic_user&utm_medium=api&utm_campaign=v2.1,"",4.5,462,
59,Hayashi Japanese Restaurant,"6641 Grand Avenue, Suite C, Gurnee 60031",42.3857000000,-87.9719000000,3,16744519,https://www.zomato.com/chicago/hayashi-japanese-restaurant-gurnee?utm_source=api_basic_user&utm_medium=api&utm_campaign=v2.1,"",4.1,183,
63,American Craft Kitchen & Bar - Hyatt Regency,"Hyatt Regency, 151 1st Floor E Wacker Drive, Chicago 60601",41.8878750000,-87.6223305556,3,16755700,https://www.zomato.com/chicago/american-craft-kitchen-bar-loop?utm_source=api_basic_user&utm_medium=api&utm_campaign=v2.1,https://b.zmtcdn.com/data/res_imagery/16755700_RESTAURANT_5805162c5dc0ac7a9de6c6e16a0b7bd0_c.jpg,3.2,18,
69,Kappy's American Grill,"7200 W. Dempster Street, Morton Grove 60053",42.0411805556,-87.8067944444,2,16746895,https://www.zomato.com/chicago/kappys-american-grill-morton-grove?utm_source=api_basic_user&utm_medium=api&utm_campaign=v2.1,https://b.zmtcdn.com/data/res_imagery/16746895_RESTAURANT_73db7760c8fc5047a36210eab3556e9a.jpg,3.6,82,
45,Burger Boss,"7512 W. North Avenue, Chicago 60707",41.9088555556,-87.8139583333,1,16754182,https://www.zomato.com/chicago/burger-boss-elmwood-park?utm_source=api_basic_user&utm_medium=api&utm_campaign=v2.1,https://b.zmtcdn.com/data/res_imagery/16754182_RESTAURANT_6fbc84a7b940a039a11caff933638918_c.jpg,3.4,32,
50,The Burger Local,"577 S 3rd Street, Suite 102 60134",41.8820170000,-88.3089550000,1,18278509,https://www.zomato.com/chicago/the-burger-local-geneva?utm_source=api_basic_user&utm_medium=api&utm_campaign=v2.1,"",0,1,
51,Niu Japanese Fusion Lounge,332 E Illinois Street 60611,41.8910527778,-87.6184611111,3,16739658,https://www.zomato.com/chicago/niu-japanese-fusion-lounge-streeterville?utm_source=api_basic_user&utm_medium=api&utm_campaign=v2.1,"",4.2,405,
56,Fuji Japanese Steak House,15132 S. La Grange Road 60462,41.6146444444,-87.8550111111,3,16748444,https://www.zomato.com/chicago/fuji-japanese-steak-house-orland-park?utm_source=api_basic_user&utm_medium=api&utm_campaign=v2.1,"",4.2,227,
53,Gyu-Kaku Japanese BBQ,210 E Ohio Street 60611,41.8929638889,-87.6224138889,3,16753644,https://www.zomato.com/chicago/gyu-kaku-japanese-bbq-streeterville?utm_source=api_basic_user&utm_medium=api&utm_campaign=v2.1,"",3.9,115,
58,Ringo Japanese Kitchen,"2507 N Lincoln Avenue, Chicago 60614",41.9274111111,-87.6514805556,2,16737733,https://www.zomato.com/chicago/ringo-japanese-kitchen-lincoln-park?utm_source=api_basic_user&utm_medium=api&utm_campaign=v2.1,https://b.zmtcdn.com/data/res_imagery/16737733_RESTAURANT_936cdc794923a3b6d7e3a0da508d9a61.jpg,3.8,98,
62,American Girl Cafe,"Water Tower Place, 835 N Michigan Avenue, Level 2, Chicago 60611",41.8981989000,-87.6238356000,3,16731985,https://www.zomato.com/chicago/american-girl-cafe-magnificent-mile?utm_source=api_basic_user&utm_medium=api&utm_campaign=v2.1,"",3.4,69,
66,American Wildburger,1234 N. Halsted Street 60642,41.9045861111,-87.6486194444,2,18077315,https://www.zomato.com/chicago/american-wildburger-lincoln-square?utm_source=api_basic_user&utm_medium=api&utm_campaign=v2.1,"",0,0,
68,Adelle's Fine American Fare,"535 W. Liberty Drive, Wheaton 60187",41.8640596000,-88.1135075000,4,16751252,https://www.zomato.com/chicago/adelles-fine-american-fare-wheaton?utm_source=api_basic_user&utm_medium=api&utm_campaign=v2.1,https://b.zmtcdn.com/data/res_imagery/16751252_RESTAURANT_4a10b07ee1ed0e5884e4017afe8bddb0_c.jpg,4.0,172,
55,Shinto Japanese Steakhouse & Sushi Lounge,"504 N. Route 59, Suite 116, Naperville 60563",41.7797623000,-88.2045111000,3,16751897,https://www.zomato.com/chicago/shinto-japanese-steakhouse-sushi-lounge-naperville?utm_source=api_basic_user&utm_medium=api&utm_campaign=v2.1,"",3.9,180,
60,Akai Hana Japanese Restaurant,3223 Lake Avenue 60091,42.0791055556,-87.7557611111,2,16751490,https://www.zomato.com/chicago/akai-hana-japanese-restaurant-wilmette?utm_source=api_basic_user&utm_medium=api&utm_campaign=v2.1,https://b.zmtcdn.com/data/res_imagery/16751490_RESTAURANT_a0490b2162c9e0a854654fcf5ed60103_c.jpg,3.9,133,
64,American Tap,"701 W. Lake Street, Addison 60101",41.9397888889,-88.0073777778,2,18083676,https://www.zomato.com/chicago/american-tap-1-addison?utm_source=api_basic_user&utm_medium=api&utm_campaign=v2.1,"",0,1,
67,Redstone American Grill,"13 Lincoln Court, Villa Park 60181",41.8471527778,-87.9831083333,3,16748351,https://www.zomato.com/chicago/redstone-american-grill-villa-park?utm_source=api_basic_user&utm_medium=api&utm_campaign=v2.1,https://b.zmtcdn.com/data/res_imagery/16748351_RESTAURANT_dcd616c9df96045c77f668b2dad7ebcd.jpg,3.7,114,
70,Las Tablas South American Steak House,2942 North Lincoln Avenue 60657,41.9353111111,-87.6627666667,3,16735806,https://www.zomato.com/chicago/las-tablas-south-american-steak-house-lakeview?utm_source=api_basic_user&utm_medium=api&utm_campaign=v2.1,"",3.6,70,
71,Thai Thai,"475 Lake Cook Road, Northbrook 60015",42.1505305556,-87.8390888889,2,16752432,https://www.zomato.com/chicago/thai-thai-northbrook?utm_source=api_basic_user&utm_medium=api&utm_campaign=v2.1,"",3.6,63,
76,Thai 55th Restaurant,1607 E 55th Street 60615,41.7951972222,-87.5863111111,2,16738962,https://www.zomato.com/chicago/thai-55th-restaurant-hyde-park?utm_source=api_basic_user&utm_medium=api&utm_campaign=v2.1,"",3.8,103,
72,Thai Thai Restaurant,"3922 N Elston Avenue, Chicago 60618",41.9521749000,-87.7174630000,2,16738988,https://www.zomato.com/chicago/thai-thai-restaurant-irving-park?utm_source=api_basic_user&utm_medium=api&utm_campaign=v2.1,"",3.5,31,
77,Thai Lagoon,2322 W. North Avenue 60647,41.9104110000,-87.6858980000,2,16738976,https://www.zomato.com/chicago/thai-lagoon-wicker-park?utm_source=api_basic_user&utm_medium=api&utm_campaign=v2.1,"",3.9,135,
73,Thai Thai Express,"654 Roosevelt Road, Glen Ellyn 60137",41.8594092000,-88.0597378000,2,17817347,https://www.zomato.com/chicago/thai-thai-express-glen-ellyn?utm_source=api_basic_user&utm_medium=api&utm_campaign=v2.1,"",0,0,
79,Thai Spoon and Sushi,"601 S Wabash Avenue, Chicago 60605",41.8743333333,-87.6259694444,2,16738987,https://www.zomato.com/chicago/thai-spoon-south-loop?utm_source=api_basic_user&utm_medium=api&utm_campaign=v2.1,"",3.4,85,
2,Chinese Palace Restaurant,"624 S. Northwest Highway, Barrington 60010",42.1500000000,-88.1263000000,2,16740839,https://www.zomato.com/chicago/chinese-palace-restaurant-barrington?utm_source=api_basic_user&utm_medium=api&utm_campaign=v2.1,"",3.7,56,
9,Chinese Wok,"840 Summit Street, Suite A 60120",42.0471388889,-88.2586444444,2,16743250,https://www.zomato.com/chicago/chinese-wok-elgin?utm_source=api_basic_user&utm_medium=api&utm_campaign=v2.1,"",3.2,19,
12,New Rebozo Mexican Restaurant,"1116 Madison Street, Oak Park 60302",41.8795194444,-87.8030861111,3,16748282,https://www.zomato.com/chicago/new-rebozo-mexican-restaurant-oak-park?utm_source=api_basic_user&utm_medium=api&utm_campaign=v2.1,https://b.zmtcdn.com/data/res_imagery/16748282_RESTAURANT_5504330c813c1d638199dac23b67cf1c_c.jpg,4.3,482,
15,Wholly Frijoles Mexican Grill,"3908 W. Touhy Avenue, Lincolnwood, Chicago 60712",42.0119410000,-87.7266060000,2,16740119,https://www.zomato.com/chicago/wholly-frijoles-mexican-grill-lincolnwood?utm_source=api_basic_user&utm_medium=api&utm_campaign=v2.1,https://b.zmtcdn.com/data/res_imagery/16740119_RESTAURANT_67947006c417b34d744e69b04773e291_c.jpg,4.0,171,
